<?xml version="1.0" encoding="UTF-8"?>
<export version="D">
  <design>
    <source>C:\Users\Máté\Documents\KiCAD\SWAN_Client_Rev0\szakdolgozat.sch</source>
    <date>06/11/2020 14:18:27</date>
    <tool>Eeschema (5.1.2)-1</tool>
    <sheet number="1" name="/" tstamps="/">
      <title_block>
        <title>SWAN client</title>
        <company/>
        <rev>Rev0</rev>
        <date>2020-10-25</date>
        <source>szakdolgozat.sch</source>
        <comment number="1" value=""/>
        <comment number="2" value=""/>
        <comment number="3" value=""/>
        <comment number="4" value=""/>
      </title_block>
    </sheet>
  </design>
  <components>
    <comp ref="D1">
      <value>LED</value>
      <footprint>LED_SMD:LED_0603_1608Metric_Pad1.05x0.95mm_HandSolder</footprint>
      <datasheet>~</datasheet>
      <libsource lib="Device" part="LED" description="Light emitting diode"/>
      <sheetpath names="/" tstamps="/"/>
      <tstamp>5F8D5169</tstamp>
    </comp>
    <comp ref="R1">
      <value>R</value>
      <footprint>Resistor_SMD:R_0603_1608Metric_Pad1.05x0.95mm_HandSolder</footprint>
      <datasheet>~</datasheet>
      <libsource lib="Device" part="R" description="Resistor"/>
      <sheetpath names="/" tstamps="/"/>
      <tstamp>5F8D5AD1</tstamp>
    </comp>
    <comp ref="C14">
      <value>100n</value>
      <footprint>Capacitor_SMD:C_0805_2012Metric_Pad1.15x1.40mm_HandSolder</footprint>
      <datasheet>~</datasheet>
      <libsource lib="Device" part="C" description="Unpolarized capacitor"/>
      <sheetpath names="/" tstamps="/"/>
      <tstamp>5F8EF8EC</tstamp>
    </comp>
    <comp ref="C2">
      <value>1u</value>
      <footprint>Capacitor_SMD:C_0805_2012Metric_Pad1.15x1.40mm_HandSolder</footprint>
      <datasheet>~</datasheet>
      <libsource lib="Device" part="C" description="Unpolarized capacitor"/>
      <sheetpath names="/" tstamps="/"/>
      <tstamp>5F921125</tstamp>
    </comp>
    <comp ref="C3">
      <value>1u</value>
      <footprint>Capacitor_SMD:C_0805_2012Metric_Pad1.15x1.40mm_HandSolder</footprint>
      <datasheet>~</datasheet>
      <libsource lib="Device" part="C" description="Unpolarized capacitor"/>
      <sheetpath names="/" tstamps="/"/>
      <tstamp>5F921948</tstamp>
    </comp>
    <comp ref="C1">
      <value>1u</value>
      <footprint>Capacitor_SMD:C_0805_2012Metric_Pad1.15x1.40mm_HandSolder</footprint>
      <datasheet>~</datasheet>
      <libsource lib="Device" part="C" description="Unpolarized capacitor"/>
      <sheetpath names="/" tstamps="/"/>
      <tstamp>5F93830C</tstamp>
    </comp>
    <comp ref="C4">
      <value>1u</value>
      <footprint>Capacitor_SMD:C_0805_2012Metric_Pad1.15x1.40mm_HandSolder</footprint>
      <datasheet>~</datasheet>
      <libsource lib="Device" part="C" description="Unpolarized capacitor"/>
      <sheetpath names="/" tstamps="/"/>
      <tstamp>5F9479F6</tstamp>
    </comp>
    <comp ref="BT1">
      <value>Battery_Cell</value>
      <footprint>Battery:BatteryHolder_MPD_BH-18650-PC2</footprint>
      <datasheet>~</datasheet>
      <libsource lib="Device" part="Battery_Cell" description="Single-cell battery"/>
      <sheetpath names="/" tstamps="/"/>
      <tstamp>5F935548</tstamp>
    </comp>
    <comp ref="Q1">
      <value>Q_PMOS_DGS</value>
      <footprint>mylib:MySuperSOT-3</footprint>
      <datasheet>~</datasheet>
      <libsource lib="Device" part="Q_PMOS_DGS" description="P-MOSFET transistor, drain/gate/source"/>
      <sheetpath names="/" tstamps="/"/>
      <tstamp>5F966D2E</tstamp>
    </comp>
    <comp ref="J1">
      <value>Barrel_Jack</value>
      <footprint>Connector_PinHeader_2.54mm:PinHeader_1x02_P2.54mm_Vertical</footprint>
      <datasheet>~</datasheet>
      <libsource lib="Connector" part="Barrel_Jack" description="DC Barrel Jack"/>
      <sheetpath names="/" tstamps="/"/>
      <tstamp>5F96C8A4</tstamp>
    </comp>
    <comp ref="BZ1">
      <value>Buzzer</value>
      <footprint>Buzzer_Beeper:Buzzer_15x7.5RM7.6</footprint>
      <datasheet>~</datasheet>
      <libsource lib="Device" part="Buzzer" description="Buzzer, polarized"/>
      <sheetpath names="/" tstamps="/"/>
      <tstamp>5F9C040A</tstamp>
    </comp>
    <comp ref="D4">
      <value>LED</value>
      <footprint>LED_SMD:LED_0603_1608Metric_Pad1.05x0.95mm_HandSolder</footprint>
      <datasheet>~</datasheet>
      <libsource lib="Device" part="LED" description="Light emitting diode"/>
      <sheetpath names="/" tstamps="/"/>
      <tstamp>5F9628F7</tstamp>
    </comp>
    <comp ref="R18">
      <value>R</value>
      <footprint>Resistor_SMD:R_0603_1608Metric_Pad1.05x0.95mm_HandSolder</footprint>
      <datasheet>~</datasheet>
      <libsource lib="Device" part="R" description="Resistor"/>
      <sheetpath names="/" tstamps="/"/>
      <tstamp>5F9628FD</tstamp>
    </comp>
    <comp ref="Q2">
      <value>Q_NPN_BCE</value>
      <footprint>Package_TO_SOT_THT:TO-92_HandSolder</footprint>
      <datasheet>~</datasheet>
      <libsource lib="Device" part="Q_NPN_BCE" description="NPN transistor, base/collector/emitter"/>
      <sheetpath names="/" tstamps="/"/>
      <tstamp>5F966DD1</tstamp>
    </comp>
    <comp ref="R17">
      <value>R</value>
      <footprint>Resistor_SMD:R_0603_1608Metric_Pad1.05x0.95mm_HandSolder</footprint>
      <datasheet>~</datasheet>
      <libsource lib="Device" part="R" description="Resistor"/>
      <sheetpath names="/" tstamps="/"/>
      <tstamp>5F968FBB</tstamp>
    </comp>
    <comp ref="R20">
      <value>R</value>
      <footprint>Resistor_SMD:R_0603_1608Metric_Pad1.05x0.95mm_HandSolder</footprint>
      <datasheet>~</datasheet>
      <libsource lib="Device" part="R" description="Resistor"/>
      <sheetpath names="/" tstamps="/"/>
      <tstamp>5F973A5F</tstamp>
    </comp>
    <comp ref="C11">
      <value>0.1u</value>
      <footprint>Capacitor_SMD:C_0805_2012Metric_Pad1.15x1.40mm_HandSolder</footprint>
      <datasheet>~</datasheet>
      <libsource lib="Device" part="C" description="Unpolarized capacitor"/>
      <sheetpath names="/" tstamps="/"/>
      <tstamp>5F98105A</tstamp>
    </comp>
    <comp ref="C12">
      <value>22u</value>
      <footprint>Capacitor_SMD:C_0805_2012Metric_Pad1.15x1.40mm_HandSolder</footprint>
      <datasheet>~</datasheet>
      <libsource lib="Device" part="C" description="Unpolarized capacitor"/>
      <sheetpath names="/" tstamps="/"/>
      <tstamp>5F9818B8</tstamp>
    </comp>
    <comp ref="R14">
      <value>R</value>
      <footprint>Resistor_SMD:R_0603_1608Metric_Pad1.05x0.95mm_HandSolder</footprint>
      <datasheet>~</datasheet>
      <libsource lib="Device" part="R" description="Resistor"/>
      <sheetpath names="/" tstamps="/"/>
      <tstamp>5F99B751</tstamp>
    </comp>
    <comp ref="C13">
      <value>0.1u</value>
      <footprint>Capacitor_SMD:C_0805_2012Metric_Pad1.15x1.40mm_HandSolder</footprint>
      <datasheet>~</datasheet>
      <libsource lib="Device" part="C" description="Unpolarized capacitor"/>
      <sheetpath names="/" tstamps="/"/>
      <tstamp>5F99BB03</tstamp>
    </comp>
    <comp ref="R15">
      <value>22R</value>
      <footprint>Resistor_SMD:R_0603_1608Metric_Pad1.05x0.95mm_HandSolder</footprint>
      <datasheet>~</datasheet>
      <libsource lib="Device" part="R" description="Resistor"/>
      <sheetpath names="/" tstamps="/"/>
      <tstamp>5F9BE18E</tstamp>
    </comp>
    <comp ref="R16">
      <value>22R</value>
      <footprint>Resistor_SMD:R_0603_1608Metric_Pad1.05x0.95mm_HandSolder</footprint>
      <datasheet>~</datasheet>
      <libsource lib="Device" part="R" description="Resistor"/>
      <sheetpath names="/" tstamps="/"/>
      <tstamp>5F9BF360</tstamp>
    </comp>
    <comp ref="U7">
      <value>ESP32-WROOM-32</value>
      <footprint>RF_Module:ESP32-WROOM-32</footprint>
      <datasheet>https://www.espressif.com/sites/default/files/documentation/esp32-wroom-32_datasheet_en.pdf</datasheet>
      <libsource lib="RF_Module" part="ESP32-WROOM-32" description="RF Module, ESP32-D0WDQ6 SoC, Wi-Fi 802.11b/g/n, Bluetooth, BLE, 32-bit, 2.7-3.6V, onboard antenna, SMD"/>
      <sheetpath names="/" tstamps="/"/>
      <tstamp>5F7A2BE4</tstamp>
    </comp>
    <comp ref="R5">
      <value>12k</value>
      <footprint>Resistor_SMD:R_0603_1608Metric_Pad1.05x0.95mm_HandSolder</footprint>
      <datasheet>~</datasheet>
      <libsource lib="Device" part="R" description="Resistor"/>
      <sheetpath names="/" tstamps="/"/>
      <tstamp>5FABC869</tstamp>
    </comp>
    <comp ref="R12">
      <value>12k</value>
      <footprint>Resistor_SMD:R_0603_1608Metric_Pad1.05x0.95mm_HandSolder</footprint>
      <datasheet>~</datasheet>
      <libsource lib="Device" part="R" description="Resistor"/>
      <sheetpath names="/" tstamps="/"/>
      <tstamp>5FB3E903</tstamp>
    </comp>
    <comp ref="K1">
      <value>DIPxx-2Axx-21x</value>
      <footprint>Relay_THT:Relay_StandexMeder_DIP_LowProfile</footprint>
      <datasheet>https://standexelectronics.com/wp-content/uploads/datasheet_reed_relay_DIP.pdf</datasheet>
      <libsource lib="Relay" part="DIPxx-2Axx-21x" description="Standex Meder DIP reed relay, DPST, Closing Contacts"/>
      <sheetpath names="/" tstamps="/"/>
      <tstamp>5FBFC4B9</tstamp>
    </comp>
    <comp ref="R3">
      <value>24R</value>
      <footprint>Resistor_SMD:R_0603_1608Metric_Pad1.05x0.95mm_HandSolder</footprint>
      <datasheet>~</datasheet>
      <libsource lib="Device" part="R" description="Resistor"/>
      <sheetpath names="/" tstamps="/"/>
      <tstamp>5FC11D25</tstamp>
    </comp>
    <comp ref="U5">
      <value>CNY17-1</value>
      <footprint>Package_DIP:DIP-6_W7.62mm</footprint>
      <datasheet>http://www.vishay.com/docs/83606/cny17.pdf</datasheet>
      <libsource lib="Isolator" part="CNY17-1" description="DC Optocoupler Base Connected, Vce 70V, CTR 40-80%, Viso 5000V (RMS), DIP6"/>
      <sheetpath names="/" tstamps="/"/>
      <tstamp>5FC40F1D</tstamp>
    </comp>
    <comp ref="U6">
      <value>CNY17-1</value>
      <footprint>Package_DIP:DIP-6_W7.62mm</footprint>
      <datasheet>http://www.vishay.com/docs/83606/cny17.pdf</datasheet>
      <libsource lib="Isolator" part="CNY17-1" description="DC Optocoupler Base Connected, Vce 70V, CTR 40-80%, Viso 5000V (RMS), DIP6"/>
      <sheetpath names="/" tstamps="/"/>
      <tstamp>5FC5DE4E</tstamp>
    </comp>
    <comp ref="R6">
      <value>160R</value>
      <footprint>Resistor_SMD:R_0603_1608Metric_Pad1.05x0.95mm_HandSolder</footprint>
      <datasheet>~</datasheet>
      <libsource lib="Device" part="R" description="Resistor"/>
      <sheetpath names="/" tstamps="/"/>
      <tstamp>5FAC4C1D</tstamp>
    </comp>
    <comp ref="R13">
      <value>160R</value>
      <footprint>Resistor_SMD:R_0603_1608Metric_Pad1.05x0.95mm_HandSolder</footprint>
      <datasheet>~</datasheet>
      <libsource lib="Device" part="R" description="Resistor"/>
      <sheetpath names="/" tstamps="/"/>
      <tstamp>5FB3E909</tstamp>
    </comp>
    <comp ref="D3">
      <value>D</value>
      <footprint>Diode_THT:D_A-405_P2.54mm_Vertical_AnodeUp</footprint>
      <datasheet>~</datasheet>
      <libsource lib="Device" part="D" description="Diode"/>
      <sheetpath names="/" tstamps="/"/>
      <tstamp>5FD3E40F</tstamp>
    </comp>
    <comp ref="JP1">
      <value>Jumper_NC_Dual</value>
      <footprint>Connector_PinHeader_2.54mm:PinHeader_1x03_P2.54mm_Vertical</footprint>
      <datasheet>~</datasheet>
      <libsource lib="Device" part="Jumper_NC_Dual" description="Dual jumper, normally closed"/>
      <sheetpath names="/" tstamps="/"/>
      <tstamp>5FE7F1AD</tstamp>
    </comp>
    <comp ref="JP2">
      <value>Jumper_NC_Dual</value>
      <footprint>Connector_PinHeader_2.54mm:PinHeader_1x03_P2.54mm_Vertical</footprint>
      <datasheet>~</datasheet>
      <libsource lib="Device" part="Jumper_NC_Dual" description="Dual jumper, normally closed"/>
      <sheetpath names="/" tstamps="/"/>
      <tstamp>5F972DF8</tstamp>
    </comp>
    <comp ref="U1">
      <value>MCP1826S</value>
      <footprint>Package_TO_SOT_SMD:SOT-223-3_TabPin2</footprint>
      <datasheet>http://ww1.microchip.com/downloads/en/DeviceDoc/22057B.pdf</datasheet>
      <libsource lib="Regulator_Linear" part="MCP1826S" description="1000mA, Low-Voltage, Low Quiescent Current LDO Regulator, SOT-223, TO-220, TO-263"/>
      <sheetpath names="/" tstamps="/"/>
      <tstamp>5F976D31</tstamp>
    </comp>
    <comp ref="R8">
      <value>1k</value>
      <footprint>Resistor_SMD:R_0603_1608Metric_Pad1.05x0.95mm_HandSolder</footprint>
      <datasheet>~</datasheet>
      <libsource lib="Device" part="R" description="Resistor"/>
      <sheetpath names="/" tstamps="/"/>
      <tstamp>5F9DD913</tstamp>
    </comp>
    <comp ref="R9">
      <value>47</value>
      <footprint>Resistor_SMD:R_0603_1608Metric_Pad1.05x0.95mm_HandSolder</footprint>
      <datasheet>~</datasheet>
      <libsource lib="Device" part="R" description="Resistor"/>
      <sheetpath names="/" tstamps="/"/>
      <tstamp>5F9DE05F</tstamp>
    </comp>
    <comp ref="R10">
      <value>10k</value>
      <footprint>Resistor_SMD:R_0603_1608Metric_Pad1.05x0.95mm_HandSolder</footprint>
      <datasheet>~</datasheet>
      <libsource lib="Device" part="R" description="Resistor"/>
      <sheetpath names="/" tstamps="/"/>
      <tstamp>5F9DE478</tstamp>
    </comp>
    <comp ref="C8">
      <value>100p</value>
      <footprint>Capacitor_SMD:C_0805_2012Metric_Pad1.15x1.40mm_HandSolder</footprint>
      <datasheet>~</datasheet>
      <libsource lib="Device" part="C" description="Unpolarized capacitor"/>
      <sheetpath names="/" tstamps="/"/>
      <tstamp>5F9DEE79</tstamp>
    </comp>
    <comp ref="R7">
      <value>68k</value>
      <footprint>Resistor_SMD:R_0603_1608Metric_Pad1.05x0.95mm_HandSolder</footprint>
      <datasheet>~</datasheet>
      <libsource lib="Device" part="R" description="Resistor"/>
      <sheetpath names="/" tstamps="/"/>
      <tstamp>5F9E247C</tstamp>
    </comp>
    <comp ref="R11">
      <value>10k</value>
      <footprint>Resistor_SMD:R_0603_1608Metric_Pad1.05x0.95mm_HandSolder</footprint>
      <datasheet>~</datasheet>
      <libsource lib="Device" part="R" description="Resistor"/>
      <sheetpath names="/" tstamps="/"/>
      <tstamp>5FB10C9C</tstamp>
    </comp>
    <comp ref="R21">
      <value>10k</value>
      <footprint>Resistor_SMD:R_0603_1608Metric_Pad1.05x0.95mm_HandSolder</footprint>
      <datasheet>~</datasheet>
      <libsource lib="Device" part="R" description="Resistor"/>
      <sheetpath names="/" tstamps="/"/>
      <tstamp>5FB1127D</tstamp>
    </comp>
    <comp ref="C9">
      <value>10p</value>
      <footprint>Capacitor_SMD:C_0805_2012Metric_Pad1.15x1.40mm_HandSolder</footprint>
      <datasheet>~</datasheet>
      <libsource lib="Device" part="C" description="Unpolarized capacitor"/>
      <sheetpath names="/" tstamps="/"/>
      <tstamp>5FB792E1</tstamp>
    </comp>
    <comp ref="C10">
      <value>10p</value>
      <footprint>Capacitor_SMD:C_0805_2012Metric_Pad1.15x1.40mm_HandSolder</footprint>
      <datasheet>~</datasheet>
      <libsource lib="Device" part="C" description="Unpolarized capacitor"/>
      <sheetpath names="/" tstamps="/"/>
      <tstamp>5FB79FDE</tstamp>
    </comp>
    <comp ref="U8">
      <value>BMP280_PCB</value>
      <footprint>Connector_PinHeader_2.54mm:PinHeader_1x06_P2.54mm_Vertical</footprint>
      <libsource lib="mylib" part="BMP280_PCB" description=""/>
      <sheetpath names="/" tstamps="/"/>
      <tstamp>5FCCB54B</tstamp>
    </comp>
    <comp ref="U2">
      <value>MCP73811T-420I-OT</value>
      <footprint>Package_TO_SOT_SMD:SOT-23-5</footprint>
      <datasheet>http://ww1.microchip.com/downloads/en/DeviceDoc/22036b.pdf</datasheet>
      <libsource lib="Battery_Management" part="MCP73811T-420I-OT" description="Simple, Miniature Single-Cell, Fully Integrated Li-Ion / Li-Polymer Charge Management Controllers, 85mA/450mA, 4.2V, SOT23-5"/>
      <sheetpath names="/" tstamps="/"/>
      <tstamp>5F933C3E</tstamp>
    </comp>
    <comp ref="C5">
      <value>100n</value>
      <footprint>Capacitor_SMD:C_0805_2012Metric_Pad1.15x1.40mm_HandSolder</footprint>
      <datasheet>~</datasheet>
      <libsource lib="Device" part="C" description="Unpolarized capacitor"/>
      <sheetpath names="/" tstamps="/"/>
      <tstamp>5FBC3A9F</tstamp>
    </comp>
    <comp ref="C7">
      <value>100n</value>
      <footprint>Capacitor_SMD:C_0805_2012Metric_Pad1.15x1.40mm_HandSolder</footprint>
      <datasheet>~</datasheet>
      <libsource lib="Device" part="C" description="Unpolarized capacitor"/>
      <sheetpath names="/" tstamps="/"/>
      <tstamp>5F96DF97</tstamp>
    </comp>
    <comp ref="C6">
      <value>100n</value>
      <footprint>Capacitor_SMD:C_0805_2012Metric_Pad1.15x1.40mm_HandSolder</footprint>
      <datasheet>~</datasheet>
      <libsource lib="Device" part="C" description="Unpolarized capacitor"/>
      <sheetpath names="/" tstamps="/"/>
      <tstamp>5F8F4A17</tstamp>
    </comp>
    <comp ref="D7">
      <value>SP0505BAJT</value>
      <footprint>Package_TO_SOT_SMD:SOT-363_SC-70-6</footprint>
      <datasheet>http://www.littelfuse.com/~/media/files/littelfuse/technical%20resources/documents/data%20sheets/sp05xxba.pdf</datasheet>
      <libsource lib="Power_Protection" part="SP0505BAJT" description="TVS Diode Array, 5.5V Standoff, 5 Channels, SC-70-6 package"/>
      <sheetpath names="/" tstamps="/"/>
      <tstamp>5F99BBDB</tstamp>
    </comp>
    <comp ref="D6">
      <value>SP0505BAJT</value>
      <footprint>Package_TO_SOT_SMD:SOT-363_SC-70-6</footprint>
      <datasheet>http://www.littelfuse.com/~/media/files/littelfuse/technical%20resources/documents/data%20sheets/sp05xxba.pdf</datasheet>
      <libsource lib="Power_Protection" part="SP0505BAJT" description="TVS Diode Array, 5.5V Standoff, 5 Channels, SC-70-6 package"/>
      <sheetpath names="/" tstamps="/"/>
      <tstamp>5F995FA0</tstamp>
    </comp>
    <comp ref="J2">
      <value>Conn_01x10_Female</value>
      <footprint>Connector_PinHeader_2.54mm:PinHeader_1x10_P2.54mm_Vertical</footprint>
      <datasheet>~</datasheet>
      <libsource lib="Connector" part="Conn_01x10_Female" description="Generic connector, single row, 01x10, script generated (kicad-library-utils/schlib/autogen/connector/)"/>
      <sheetpath names="/" tstamps="/"/>
      <tstamp>5F99573F</tstamp>
    </comp>
    <comp ref="R4">
      <value>10k</value>
      <footprint>Resistor_SMD:R_0603_1608Metric_Pad1.05x0.95mm_HandSolder</footprint>
      <datasheet>~</datasheet>
      <libsource lib="Device" part="R" description="Resistor"/>
      <sheetpath names="/" tstamps="/"/>
      <tstamp>5FA2D5AF</tstamp>
    </comp>
    <comp ref="J3">
      <value>Conn_01x04_Female</value>
      <footprint>Connector_PinHeader_2.54mm:PinHeader_1x04_P2.54mm_Vertical</footprint>
      <datasheet>~</datasheet>
      <libsource lib="Connector" part="Conn_01x04_Female" description="Generic connector, single row, 01x04, script generated (kicad-library-utils/schlib/autogen/connector/)"/>
      <sheetpath names="/" tstamps="/"/>
      <tstamp>5FADE254</tstamp>
    </comp>
    <comp ref="H1">
      <value>MountingHole</value>
      <footprint>MountingHole:MountingHole_3.2mm_M3_Pad</footprint>
      <datasheet>~</datasheet>
      <libsource lib="Mechanical" part="MountingHole" description="Mounting Hole without connection"/>
      <sheetpath names="/" tstamps="/"/>
      <tstamp>5FB101E9</tstamp>
    </comp>
    <comp ref="H2">
      <value>MountingHole</value>
      <footprint>MountingHole:MountingHole_3.2mm_M3_Pad</footprint>
      <datasheet>~</datasheet>
      <libsource lib="Mechanical" part="MountingHole" description="Mounting Hole without connection"/>
      <sheetpath names="/" tstamps="/"/>
      <tstamp>5FB1033D</tstamp>
    </comp>
    <comp ref="H3">
      <value>MountingHole</value>
      <footprint>MountingHole:MountingHole_3.2mm_M3_Pad</footprint>
      <datasheet>~</datasheet>
      <libsource lib="Mechanical" part="MountingHole" description="Mounting Hole without connection"/>
      <sheetpath names="/" tstamps="/"/>
      <tstamp>5FB1057C</tstamp>
    </comp>
    <comp ref="H4">
      <value>MountingHole</value>
      <footprint>MountingHole:MountingHole_3.2mm_M3_Pad</footprint>
      <datasheet>~</datasheet>
      <libsource lib="Mechanical" part="MountingHole" description="Mounting Hole without connection"/>
      <sheetpath names="/" tstamps="/"/>
      <tstamp>5FB1076A</tstamp>
    </comp>
    <comp ref="J4">
      <value>Conn_01x03_Female</value>
      <footprint>Connector_PinHeader_2.54mm:PinHeader_1x03_P2.54mm_Vertical</footprint>
      <datasheet>~</datasheet>
      <libsource lib="Connector" part="Conn_01x03_Female" description="Generic connector, single row, 01x03, script generated (kicad-library-utils/schlib/autogen/connector/)"/>
      <sheetpath names="/" tstamps="/"/>
      <tstamp>5FABE513</tstamp>
    </comp>
    <comp ref="U3">
      <value>MCP6273-E_CH</value>
      <footprint>Package_TO_SOT_SMD:SOT-23-6_Handsoldering</footprint>
      <datasheet>http://www.ti.com/lit/ds/symlink/lm358.pdf</datasheet>
      <libsource lib="mylib" part="MCP6273-E_CH" description="Dual Operational Amplifiers, DIP-8/SOIC-8/TSSOP-8/VSSOP-8"/>
      <sheetpath names="/" tstamps="/"/>
      <tstamp>5FB4F164</tstamp>
    </comp>
    <comp ref="U4">
      <value>MCP6273-E_CH</value>
      <footprint>Package_TO_SOT_SMD:SOT-23-6_Handsoldering</footprint>
      <datasheet>http://www.ti.com/lit/ds/symlink/lm358.pdf</datasheet>
      <libsource lib="mylib" part="MCP6273-E_CH" description="Dual Operational Amplifiers, DIP-8/SOIC-8/TSSOP-8/VSSOP-8"/>
      <sheetpath names="/" tstamps="/"/>
      <tstamp>5FB58D52</tstamp>
    </comp>
    <comp ref="U9">
      <value>MCP6273-E_CH</value>
      <footprint>Package_TO_SOT_SMD:SOT-23-6_Handsoldering</footprint>
      <datasheet>http://www.ti.com/lit/ds/symlink/lm358.pdf</datasheet>
      <libsource lib="mylib" part="MCP6273-E_CH" description="Dual Operational Amplifiers, DIP-8/SOIC-8/TSSOP-8/VSSOP-8"/>
      <sheetpath names="/" tstamps="/"/>
      <tstamp>5FB5E4A6</tstamp>
    </comp>
    <comp ref="SW1">
      <value>SW_Push</value>
      <footprint>Button_Switch_THT:SW_PUSH_6mm</footprint>
      <datasheet>~</datasheet>
      <libsource lib="Switch" part="SW_Push" description="Push button switch, generic, two pins"/>
      <sheetpath names="/" tstamps="/"/>
      <tstamp>5FA56BB5</tstamp>
    </comp>
    <comp ref="C15">
      <value>0.1u</value>
      <footprint>Capacitor_SMD:C_0805_2012Metric_Pad1.15x1.40mm_HandSolder</footprint>
      <datasheet>~</datasheet>
      <libsource lib="Device" part="C" description="Unpolarized capacitor"/>
      <sheetpath names="/" tstamps="/"/>
      <tstamp>5FA57EF9</tstamp>
    </comp>
    <comp ref="SW2">
      <value>SW_Push</value>
      <footprint>Button_Switch_THT:SW_PUSH_6mm</footprint>
      <datasheet>~</datasheet>
      <libsource lib="Switch" part="SW_Push" description="Push button switch, generic, two pins"/>
      <sheetpath names="/" tstamps="/"/>
      <tstamp>5FA8969A</tstamp>
    </comp>
    <comp ref="C16">
      <value>0.1u</value>
      <footprint>Capacitor_SMD:C_0805_2012Metric_Pad1.15x1.40mm_HandSolder</footprint>
      <datasheet>~</datasheet>
      <libsource lib="Device" part="C" description="Unpolarized capacitor"/>
      <sheetpath names="/" tstamps="/"/>
      <tstamp>5FA896A0</tstamp>
    </comp>
  </components>
  <libparts>
    <libpart lib="Battery_Management" part="MCP73812T-420I-OT">
      <aliases>
        <alias>MCP73812T-435I-OT</alias>
        <alias>MCP73811T-420I-OT</alias>
        <alias>MCP73811T-435I-OT</alias>
      </aliases>
      <description>Simple, Miniature Single-Cell, Fully Integrated Li-Ion / Li-Polymer Charge Management Controllers, 50mA-500mA, 4.2V, SOT23-5</description>
      <docs>http://ww1.microchip.com/downloads/en/DeviceDoc/22036b.pdf</docs>
      <footprints>
        <fp>*SOT*23*</fp>
      </footprints>
      <fields>
        <field name="Reference">U</field>
        <field name="Value">MCP73812T-420I-OT</field>
        <field name="Footprint">Package_TO_SOT_SMD:SOT-23-5</field>
      </fields>
      <pins>
        <pin num="1" name="CEN" type="input"/>
        <pin num="2" name="VSS" type="power_in"/>
        <pin num="3" name="VBAT" type="power_out"/>
        <pin num="4" name="VDD" type="power_in"/>
        <pin num="5" name="PROG" type="input"/>
      </pins>
    </libpart>
    <libpart lib="Connector" part="Barrel_Jack">
      <aliases>
        <alias>Jack-DC</alias>
      </aliases>
      <description>DC Barrel Jack</description>
      <docs>~</docs>
      <footprints>
        <fp>BarrelJack*</fp>
      </footprints>
      <fields>
        <field name="Reference">J</field>
        <field name="Value">Barrel_Jack</field>
      </fields>
      <pins>
        <pin num="1" name="~" type="passive"/>
        <pin num="2" name="~" type="passive"/>
      </pins>
    </libpart>
    <libpart lib="Connector" part="Conn_01x03_Female">
      <description>Generic connector, single row, 01x03, script generated (kicad-library-utils/schlib/autogen/connector/)</description>
      <docs>~</docs>
      <footprints>
        <fp>Connector*:*_1x??_*</fp>
      </footprints>
      <fields>
        <field name="Reference">J</field>
        <field name="Value">Conn_01x03_Female</field>
      </fields>
      <pins>
        <pin num="1" name="Pin_1" type="passive"/>
        <pin num="2" name="Pin_2" type="passive"/>
        <pin num="3" name="Pin_3" type="passive"/>
      </pins>
    </libpart>
    <libpart lib="Connector" part="Conn_01x04_Female">
      <description>Generic connector, single row, 01x04, script generated (kicad-library-utils/schlib/autogen/connector/)</description>
      <docs>~</docs>
      <footprints>
        <fp>Connector*:*_1x??_*</fp>
      </footprints>
      <fields>
        <field name="Reference">J</field>
        <field name="Value">Conn_01x04_Female</field>
      </fields>
      <pins>
        <pin num="1" name="Pin_1" type="passive"/>
        <pin num="2" name="Pin_2" type="passive"/>
        <pin num="3" name="Pin_3" type="passive"/>
        <pin num="4" name="Pin_4" type="passive"/>
      </pins>
    </libpart>
    <libpart lib="Connector" part="Conn_01x10_Female">
      <description>Generic connector, single row, 01x10, script generated (kicad-library-utils/schlib/autogen/connector/)</description>
      <docs>~</docs>
      <footprints>
        <fp>Connector*:*_1x??_*</fp>
      </footprints>
      <fields>
        <field name="Reference">J</field>
        <field name="Value">Conn_01x10_Female</field>
      </fields>
      <pins>
        <pin num="1" name="Pin_1" type="passive"/>
        <pin num="2" name="Pin_2" type="passive"/>
        <pin num="3" name="Pin_3" type="passive"/>
        <pin num="4" name="Pin_4" type="passive"/>
        <pin num="5" name="Pin_5" type="passive"/>
        <pin num="6" name="Pin_6" type="passive"/>
        <pin num="7" name="Pin_7" type="passive"/>
        <pin num="8" name="Pin_8" type="passive"/>
        <pin num="9" name="Pin_9" type="passive"/>
        <pin num="10" name="Pin_10" type="passive"/>
      </pins>
    </libpart>
    <libpart lib="Device" part="Battery_Cell">
      <description>Single-cell battery</description>
      <docs>~</docs>
      <fields>
        <field name="Reference">BT</field>
        <field name="Value">Battery_Cell</field>
      </fields>
      <pins>
        <pin num="1" name="+" type="passive"/>
        <pin num="2" name="-" type="passive"/>
      </pins>
    </libpart>
    <libpart lib="Device" part="Buzzer">
      <description>Buzzer, polarized</description>
      <docs>~</docs>
      <footprints>
        <fp>*Buzzer*</fp>
      </footprints>
      <fields>
        <field name="Reference">BZ</field>
        <field name="Value">Buzzer</field>
      </fields>
      <pins>
        <pin num="1" name="-" type="passive"/>
        <pin num="2" name="+" type="passive"/>
      </pins>
    </libpart>
    <libpart lib="Device" part="C">
      <description>Unpolarized capacitor</description>
      <docs>~</docs>
      <footprints>
        <fp>C_*</fp>
      </footprints>
      <fields>
        <field name="Reference">C</field>
        <field name="Value">C</field>
      </fields>
      <pins>
        <pin num="1" name="~" type="passive"/>
        <pin num="2" name="~" type="passive"/>
      </pins>
    </libpart>
    <libpart lib="Device" part="D">
      <description>Diode</description>
      <docs>~</docs>
      <footprints>
        <fp>TO-???*</fp>
        <fp>*_Diode_*</fp>
        <fp>*SingleDiode*</fp>
        <fp>D_*</fp>
      </footprints>
      <fields>
        <field name="Reference">D</field>
        <field name="Value">D</field>
      </fields>
      <pins>
        <pin num="1" name="K" type="passive"/>
        <pin num="2" name="A" type="passive"/>
      </pins>
    </libpart>
    <libpart lib="Device" part="Jumper_NC_Dual">
      <description>Dual jumper, normally closed</description>
      <docs>~</docs>
      <footprints>
        <fp>SolderJumper*Bridged*</fp>
      </footprints>
      <fields>
        <field name="Reference">JP</field>
        <field name="Value">Jumper_NC_Dual</field>
      </fields>
      <pins>
        <pin num="1" name="1" type="passive"/>
        <pin num="2" name="2" type="passive"/>
        <pin num="3" name="3" type="passive"/>
      </pins>
    </libpart>
    <libpart lib="Device" part="LED">
      <description>Light emitting diode</description>
      <docs>~</docs>
      <footprints>
        <fp>LED*</fp>
        <fp>LED_SMD:*</fp>
        <fp>LED_THT:*</fp>
      </footprints>
      <fields>
        <field name="Reference">D</field>
        <field name="Value">LED</field>
      </fields>
      <pins>
        <pin num="1" name="K" type="passive"/>
        <pin num="2" name="A" type="passive"/>
      </pins>
    </libpart>
    <libpart lib="Device" part="Q_NPN_BCE">
      <description>NPN transistor, base/collector/emitter</description>
      <docs>~</docs>
      <fields>
        <field name="Reference">Q</field>
        <field name="Value">Q_NPN_BCE</field>
      </fields>
      <pins>
        <pin num="1" name="B" type="input"/>
        <pin num="2" name="C" type="passive"/>
        <pin num="3" name="E" type="passive"/>
      </pins>
    </libpart>
    <libpart lib="Device" part="Q_PMOS_DGS">
      <description>P-MOSFET transistor, drain/gate/source</description>
      <docs>~</docs>
      <fields>
        <field name="Reference">Q</field>
        <field name="Value">Q_PMOS_DGS</field>
      </fields>
      <pins>
        <pin num="1" name="D" type="passive"/>
        <pin num="2" name="G" type="input"/>
        <pin num="3" name="S" type="passive"/>
      </pins>
    </libpart>
    <libpart lib="Device" part="R">
      <description>Resistor</description>
      <docs>~</docs>
      <footprints>
        <fp>R_*</fp>
      </footprints>
      <fields>
        <field name="Reference">R</field>
        <field name="Value">R</field>
      </fields>
      <pins>
        <pin num="1" name="~" type="passive"/>
        <pin num="2" name="~" type="passive"/>
      </pins>
    </libpart>
    <libpart lib="Isolator" part="CNY17-1">
      <aliases>
        <alias>CNY17-2</alias>
        <alias>CNY17-3</alias>
        <alias>CNY17-4</alias>
      </aliases>
      <description>DC Optocoupler Base Connected, Vce 70V, CTR 40-80%, Viso 5000V (RMS), DIP6</description>
      <docs>http://www.vishay.com/docs/83606/cny17.pdf</docs>
      <footprints>
        <fp>DIP*W7.62mm*</fp>
        <fp>DIP*W10.16mm*</fp>
        <fp>SMDIP*W9.53mm*</fp>
      </footprints>
      <fields>
        <field name="Reference">U</field>
        <field name="Value">CNY17-1</field>
      </fields>
      <pins>
        <pin num="1" name="~" type="passive"/>
        <pin num="2" name="~" type="passive"/>
        <pin num="3" name="NC" type="NotConnected"/>
        <pin num="4" name="~" type="passive"/>
        <pin num="5" name="~" type="passive"/>
        <pin num="6" name="~" type="passive"/>
      </pins>
    </libpart>
    <libpart lib="Mechanical" part="MountingHole">
      <description>Mounting Hole without connection</description>
      <docs>~</docs>
      <footprints>
        <fp>MountingHole*</fp>
      </footprints>
      <fields>
        <field name="Reference">H</field>
        <field name="Value">MountingHole</field>
      </fields>
    </libpart>
    <libpart lib="Power_Protection" part="SP0505BAJT">
      <description>TVS Diode Array, 5.5V Standoff, 5 Channels, SC-70-6 package</description>
      <docs>http://www.littelfuse.com/~/media/files/littelfuse/technical%20resources/documents/data%20sheets/sp05xxba.pdf</docs>
      <footprints>
        <fp>SOT?363*</fp>
      </footprints>
      <fields>
        <field name="Reference">D</field>
        <field name="Value">SP0505BAJT</field>
        <field name="Footprint">Package_TO_SOT_SMD:SOT-363_SC-70-6</field>
      </fields>
      <pins>
        <pin num="1" name="K" type="passive"/>
        <pin num="2" name="A" type="passive"/>
        <pin num="3" name="K" type="passive"/>
        <pin num="4" name="K" type="passive"/>
        <pin num="5" name="K" type="passive"/>
        <pin num="6" name="K" type="passive"/>
      </pins>
    </libpart>
    <libpart lib="RF_Module" part="ESP32-WROOM-32">
      <aliases>
        <alias>ESP32-WROOM-32D</alias>
      </aliases>
      <description>RF Module, ESP32-D0WDQ6 SoC, Wi-Fi 802.11b/g/n, Bluetooth, BLE, 32-bit, 2.7-3.6V, onboard antenna, SMD</description>
      <docs>https://www.espressif.com/sites/default/files/documentation/esp32-wroom-32_datasheet_en.pdf</docs>
      <footprints>
        <fp>ESP32?WROOM?32*</fp>
      </footprints>
      <fields>
        <field name="Reference">U</field>
        <field name="Value">ESP32-WROOM-32</field>
        <field name="Footprint">RF_Module:ESP32-WROOM-32</field>
      </fields>
      <pins>
        <pin num="1" name="GND" type="power_in"/>
        <pin num="2" name="VDD" type="power_in"/>
        <pin num="3" name="EN" type="input"/>
        <pin num="4" name="SENSOR_VP" type="input"/>
        <pin num="5" name="SENSOR_VN" type="input"/>
        <pin num="6" name="IO34" type="input"/>
        <pin num="7" name="IO35" type="input"/>
        <pin num="8" name="IO32" type="BiDi"/>
        <pin num="9" name="IO33" type="BiDi"/>
        <pin num="10" name="IO25" type="BiDi"/>
        <pin num="11" name="IO26" type="BiDi"/>
        <pin num="12" name="IO27" type="BiDi"/>
        <pin num="13" name="IO14" type="BiDi"/>
        <pin num="14" name="IO12" type="BiDi"/>
        <pin num="15" name="GND" type="passive"/>
        <pin num="16" name="IO13" type="BiDi"/>
        <pin num="17" name="SHD/SD2" type="BiDi"/>
        <pin num="18" name="SWP/SD3" type="BiDi"/>
        <pin num="19" name="SCS/CMD" type="BiDi"/>
        <pin num="20" name="SCK/CLK" type="BiDi"/>
        <pin num="21" name="SDO/SD0" type="BiDi"/>
        <pin num="22" name="SDI/SD1" type="BiDi"/>
        <pin num="23" name="IO15" type="BiDi"/>
        <pin num="24" name="IO2" type="BiDi"/>
        <pin num="25" name="IO0" type="BiDi"/>
        <pin num="26" name="IO4" type="BiDi"/>
        <pin num="27" name="IO16" type="BiDi"/>
        <pin num="28" name="IO17" type="BiDi"/>
        <pin num="29" name="IO5" type="BiDi"/>
        <pin num="30" name="IO18" type="BiDi"/>
        <pin num="31" name="IO19" type="BiDi"/>
        <pin num="32" name="NC" type="NotConnected"/>
        <pin num="33" name="IO21" type="BiDi"/>
        <pin num="34" name="RXD0/IO3" type="BiDi"/>
        <pin num="35" name="TXD0/IO1" type="BiDi"/>
        <pin num="36" name="IO22" type="BiDi"/>
        <pin num="37" name="IO23" type="BiDi"/>
        <pin num="38" name="GND" type="passive"/>
      </pins>
    </libpart>
    <libpart lib="Regulator_Linear" part="MCP1826S">
      <description>1000mA, Low-Voltage, Low Quiescent Current LDO Regulator, SOT-223, TO-220, TO-263</description>
      <docs>http://ww1.microchip.com/downloads/en/DeviceDoc/22057B.pdf</docs>
      <footprints>
        <fp>SOT?223*TabPin2*</fp>
        <fp>TO?220*</fp>
        <fp>TO?263*</fp>
      </footprints>
      <fields>
        <field name="Reference">U</field>
        <field name="Value">MCP1826S</field>
      </fields>
      <pins>
        <pin num="1" name="VI" type="power_in"/>
        <pin num="2" name="GND" type="power_in"/>
        <pin num="3" name="VO" type="power_out"/>
      </pins>
    </libpart>
    <libpart lib="Relay" part="DIPxx-2Axx-21x">
      <description>Standex Meder DIP reed relay, DPST, Closing Contacts</description>
      <docs>https://standexelectronics.com/wp-content/uploads/datasheet_reed_relay_DIP.pdf</docs>
      <footprints>
        <fp>Relay*StandexMeder*DIP*LowProfile*</fp>
      </footprints>
      <fields>
        <field name="Reference">K</field>
        <field name="Value">DIPxx-2Axx-21x</field>
        <field name="Footprint">Relay_THT:Relay_StandexMeder_DIP_LowProfile</field>
      </fields>
      <pins>
        <pin num="1" name="~" type="passive"/>
        <pin num="2" name="~" type="passive"/>
        <pin num="6" name="~" type="passive"/>
        <pin num="7" name="~" type="passive"/>
        <pin num="8" name="~" type="passive"/>
        <pin num="14" name="~" type="passive"/>
      </pins>
    </libpart>
    <libpart lib="Switch" part="SW_Push">
      <description>Push button switch, generic, two pins</description>
      <docs>~</docs>
      <fields>
        <field name="Reference">SW</field>
        <field name="Value">SW_Push</field>
      </fields>
      <pins>
        <pin num="1" name="1" type="passive"/>
        <pin num="2" name="2" type="passive"/>
      </pins>
    </libpart>
    <libpart lib="mylib" part="BMP280_PCB">
      <fields>
        <field name="Reference">U</field>
        <field name="Value">BMP280_PCB</field>
      </fields>
      <pins>
        <pin num="1" name="Vcc" type="power_in"/>
        <pin num="2" name="GND" type="power_in"/>
        <pin num="3" name="SCL" type="passive"/>
        <pin num="4" name="SDA" type="passive"/>
        <pin num="5" name="CSB" type="passive"/>
        <pin num="6" name="SDO" type="passive"/>
      </pins>
    </libpart>
    <libpart lib="mylib" part="MCP6273-E_CH">
      <aliases>
        <alias>LM358</alias>
        <alias>AD8620</alias>
        <alias>LMC6062</alias>
        <alias>LMC6082</alias>
        <alias>TL062</alias>
        <alias>TL072</alias>
        <alias>TL082</alias>
        <alias>NE5532</alias>
        <alias>SA5532</alias>
        <alias>RC4558</alias>
        <alias>RC4560</alias>
        <alias>RC4580</alias>
        <alias>LMV358</alias>
        <alias>TS912</alias>
        <alias>TSV912IDT</alias>
        <alias>TSV912IST</alias>
        <alias>TLC272</alias>
        <alias>TLC277</alias>
        <alias>MCP602</alias>
        <alias>OPA2134</alias>
        <alias>OPA2340</alias>
        <alias>OPA2376xxD</alias>
        <alias>OPA2376xxDGK</alias>
        <alias>MC33078</alias>
        <alias>MC33178</alias>
        <alias>LM4562</alias>
        <alias>OP249</alias>
        <alias>OP275</alias>
        <alias>ADA4075-2</alias>
        <alias>MCP6002-xP</alias>
        <alias>MCP6002-xSN</alias>
        <alias>MCP6002-xMS</alias>
        <alias>LM7332</alias>
        <alias>OPA2333xxD</alias>
        <alias>OPA2333xxDGK</alias>
        <alias>LMC6482</alias>
        <alias>LT1492</alias>
        <alias>LTC6081xMS8</alias>
        <alias>LM6172</alias>
        <alias>MCP6L92</alias>
        <alias>NJM2043</alias>
        <alias>NJM2114</alias>
        <alias>NJM4556A</alias>
        <alias>NJM4558</alias>
        <alias>NJM4559</alias>
        <alias>NJM4560</alias>
        <alias>NJM4580</alias>
        <alias>NJM5532</alias>
        <alias>ADA4807-2ARM</alias>
        <alias>OPA2691</alias>
        <alias>LT6234</alias>
        <alias>OPA2356xxD</alias>
        <alias>OPA2356xxDGK</alias>
        <alias>OPA1612AxD</alias>
        <alias>MC33172</alias>
        <alias>OPA1602</alias>
        <alias>TLV2372</alias>
        <alias>LT6237</alias>
      </aliases>
      <description>Dual Operational Amplifiers, DIP-8/SOIC-8/TSSOP-8/VSSOP-8</description>
      <docs>http://www.ti.com/lit/ds/symlink/lm358.pdf</docs>
      <footprints>
        <fp>SOIC*3.9x4.9mm*P1.27mm*</fp>
        <fp>DIP*W7.62mm*</fp>
        <fp>TO*99*</fp>
        <fp>OnSemi*Micro8*</fp>
        <fp>TSSOP*3x3mm*P0.65mm*</fp>
        <fp>TSSOP*4.4x3mm*P0.65mm*</fp>
        <fp>MSOP*3x3mm*P0.65mm*</fp>
        <fp>SSOP*3.9x4.9mm*P0.635mm*</fp>
        <fp>LFCSP*2x2mm*P0.5mm*</fp>
        <fp>*SIP*</fp>
        <fp>SOIC*5.3x6.2mm*P1.27mm*</fp>
      </footprints>
      <fields>
        <field name="Reference">U</field>
        <field name="Value">MCP6273-E_CH</field>
      </fields>
      <pins>
        <pin num="1" name="~" type="output"/>
        <pin num="2" name="VSS" type="power_in"/>
        <pin num="3" name="+" type="input"/>
        <pin num="4" name="-" type="input"/>
        <pin num="5" name="#CS" type="input"/>
        <pin num="6" name="VDD" type="power_in"/>
      </pins>
    </libpart>
  </libparts>
  <libraries>
    <library logical="Battery_Management">
      <uri>C:\Program Files\KiCad\share\kicad\library/Battery_Management.lib</uri>
    </library>
    <library logical="Connector">
      <uri>C:\Program Files\KiCad\share\kicad\library/Connector.lib</uri>
    </library>
    <library logical="Device">
      <uri>C:\Program Files\KiCad\share\kicad\library/Device.lib</uri>
    </library>
    <library logical="Isolator">
      <uri>C:\Program Files\KiCad\share\kicad\library/Isolator.lib</uri>
    </library>
    <library logical="Mechanical">
      <uri>C:\Program Files\KiCad\share\kicad\library/Mechanical.lib</uri>
    </library>
    <library logical="Power_Protection">
      <uri>C:\Program Files\KiCad\share\kicad\library/Power_Protection.lib</uri>
    </library>
    <library logical="RF_Module">
      <uri>C:\Program Files\KiCad\share\kicad\library/RF_Module.lib</uri>
    </library>
    <library logical="Regulator_Linear">
      <uri>C:\Program Files\KiCad\share\kicad\library/Regulator_Linear.lib</uri>
    </library>
    <library logical="Relay">
      <uri>C:\Program Files\KiCad\share\kicad\library/Relay.lib</uri>
    </library>
    <library logical="Switch">
      <uri>C:\Program Files\KiCad\share\kicad\library/Switch.lib</uri>
    </library>
    <library logical="mylib">
      <uri>C:\Users\Máté\Documents\KiCAD\SWAN_Client_Rev0/mylib.lib</uri>
    </library>
  </libraries>
  <nets>
    <net code="1" name="Net-(JP1-Pad2)">
      <node ref="JP1" pin="2"/>
      <node ref="U8" pin="5"/>
    </net>
    <net code="2" name="GND">
      <node ref="BT1" pin="2"/>
      <node ref="U6" pin="2"/>
      <node ref="U5" pin="2"/>
      <node ref="J2" pin="9"/>
      <node ref="R18" pin="2"/>
      <node ref="Q2" pin="3"/>
      <node ref="JP1" pin="1"/>
      <node ref="C12" pin="2"/>
      <node ref="C11" pin="2"/>
      <node ref="C4" pin="1"/>
      <node ref="J2" pin="6"/>
      <node ref="C15" pin="2"/>
      <node ref="U3" pin="3"/>
      <node ref="U7" pin="1"/>
      <node ref="U4" pin="4"/>
      <node ref="U9" pin="4"/>
      <node ref="J4" pin="3"/>
      <node ref="U7" pin="38"/>
      <node ref="SW1" pin="1"/>
      <node ref="SW2" pin="1"/>
      <node ref="C16" pin="2"/>
      <node ref="J2" pin="2"/>
      <node ref="J2" pin="10"/>
      <node ref="U9" pin="2"/>
      <node ref="U7" pin="15"/>
      <node ref="U3" pin="2"/>
      <node ref="U4" pin="2"/>
      <node ref="C2" pin="2"/>
      <node ref="C13" pin="2"/>
      <node ref="C10" pin="1"/>
      <node ref="D6" pin="2"/>
      <node ref="U2" pin="2"/>
      <node ref="C3" pin="2"/>
      <node ref="C6" pin="2"/>
      <node ref="C5" pin="2"/>
      <node ref="C7" pin="2"/>
      <node ref="D7" pin="2"/>
      <node ref="J1" pin="2"/>
      <node ref="U8" pin="2"/>
      <node ref="C14" pin="2"/>
      <node ref="Q1" pin="2"/>
      <node ref="R1" pin="2"/>
      <node ref="U1" pin="2"/>
      <node ref="C1" pin="1"/>
    </net>
    <net code="3" name="Net-(C9-Pad1)">
      <node ref="R21" pin="1"/>
      <node ref="C9" pin="1"/>
      <node ref="R11" pin="2"/>
    </net>
    <net code="4" name="+3V3">
      <node ref="C14" pin="1"/>
      <node ref="C11" pin="1"/>
      <node ref="C12" pin="1"/>
      <node ref="BZ1" pin="1"/>
      <node ref="R17" pin="1"/>
      <node ref="J2" pin="7"/>
      <node ref="R14" pin="1"/>
      <node ref="C3" pin="1"/>
      <node ref="R4" pin="1"/>
      <node ref="U8" pin="1"/>
      <node ref="U8" pin="6"/>
      <node ref="U3" pin="6"/>
      <node ref="U4" pin="6"/>
      <node ref="JP1" pin="3"/>
      <node ref="U9" pin="6"/>
      <node ref="C5" pin="1"/>
      <node ref="U7" pin="2"/>
      <node ref="C7" pin="1"/>
      <node ref="C6" pin="1"/>
      <node ref="U1" pin="3"/>
    </net>
    <net code="5" name="Net-(D7-Pad1)">
      <node ref="D7" pin="1"/>
    </net>
    <net code="6" name="Net-(D7-Pad4)">
      <node ref="D7" pin="4"/>
    </net>
    <net code="7" name="Net-(D7-Pad5)">
      <node ref="D7" pin="5"/>
    </net>
    <net code="8" name="/Vin">
      <node ref="U2" pin="1"/>
      <node ref="Q1" pin="3"/>
      <node ref="JP2" pin="1"/>
      <node ref="U2" pin="4"/>
      <node ref="U2" pin="5"/>
      <node ref="D1" pin="2"/>
      <node ref="C1" pin="2"/>
      <node ref="U7" pin="6"/>
    </net>
    <net code="9" name="Net-(C2-Pad1)">
      <node ref="JP2" pin="2"/>
      <node ref="C2" pin="1"/>
      <node ref="U1" pin="1"/>
    </net>
    <net code="10" name="+12V">
      <node ref="R3" pin="1"/>
      <node ref="R12" pin="1"/>
      <node ref="R5" pin="1"/>
      <node ref="J3" pin="1"/>
    </net>
    <net code="11" name="Net-(C8-Pad1)">
      <node ref="R9" pin="2"/>
      <node ref="U3" pin="4"/>
      <node ref="C8" pin="1"/>
    </net>
    <net code="12" name="Net-(R8-Pad2)">
      <node ref="R8" pin="2"/>
      <node ref="R9" pin="1"/>
    </net>
    <net code="13" name="/Utriangle">
      <node ref="U3" pin="1"/>
      <node ref="J2" pin="4"/>
      <node ref="R10" pin="1"/>
      <node ref="D6" pin="5"/>
      <node ref="C8" pin="2"/>
    </net>
    <net code="14" name="Net-(D6-Pad1)">
      <node ref="D6" pin="1"/>
    </net>
    <net code="15" name="Net-(R10-Pad2)">
      <node ref="R7" pin="1"/>
      <node ref="R10" pin="2"/>
      <node ref="U4" pin="3"/>
    </net>
    <net code="16" name="/Usquare">
      <node ref="D6" pin="6"/>
      <node ref="J2" pin="5"/>
      <node ref="R11" pin="1"/>
      <node ref="U4" pin="1"/>
      <node ref="R8" pin="1"/>
      <node ref="R7" pin="2"/>
    </net>
    <net code="17" name="/Usin">
      <node ref="D6" pin="4"/>
      <node ref="C9" pin="2"/>
      <node ref="J2" pin="3"/>
      <node ref="U9" pin="1"/>
    </net>
    <net code="18" name="Net-(C10-Pad2)">
      <node ref="C10" pin="2"/>
      <node ref="U9" pin="3"/>
      <node ref="R21" pin="2"/>
    </net>
    <net code="19" name="/IO0">
      <node ref="C16" pin="1"/>
      <node ref="SW2" pin="2"/>
      <node ref="U7" pin="25"/>
    </net>
    <net code="20" name="/EN">
      <node ref="R14" pin="2"/>
      <node ref="C13" pin="1"/>
      <node ref="SW1" pin="2"/>
      <node ref="C15" pin="1"/>
      <node ref="U7" pin="3"/>
    </net>
    <net code="21" name="/Barrel+">
      <node ref="Q1" pin="1"/>
      <node ref="D7" pin="6"/>
      <node ref="J1" pin="1"/>
    </net>
    <net code="22" name="Net-(J3-Pad3)">
      <node ref="J3" pin="3"/>
      <node ref="K1" pin="8"/>
    </net>
    <net code="23" name="/U_moisture">
      <node ref="D6" pin="3"/>
      <node ref="J2" pin="1"/>
      <node ref="U7" pin="4"/>
    </net>
    <net code="24" name="/DAC1">
      <node ref="U7" pin="10"/>
      <node ref="J2" pin="8"/>
      <node ref="D7" pin="3"/>
    </net>
    <net code="25" name="/TX">
      <node ref="J4" pin="1"/>
      <node ref="R15" pin="1"/>
    </net>
    <net code="26" name="/RX">
      <node ref="R16" pin="2"/>
      <node ref="J4" pin="2"/>
    </net>
    <net code="27" name="Net-(Q2-Pad1)">
      <node ref="R20" pin="1"/>
      <node ref="Q2" pin="1"/>
    </net>
    <net code="28" name="Net-(D4-Pad1)">
      <node ref="R18" pin="1"/>
      <node ref="D4" pin="1"/>
    </net>
    <net code="29" name="/BatteryIndicator">
      <node ref="D4" pin="2"/>
      <node ref="U7" pin="16"/>
    </net>
    <net code="30" name="Net-(BZ1-Pad2)">
      <node ref="BZ1" pin="2"/>
      <node ref="Q2" pin="2"/>
      <node ref="R17" pin="2"/>
    </net>
    <net code="31" name="Net-(R16-Pad1)">
      <node ref="R16" pin="1"/>
      <node ref="U7" pin="34"/>
    </net>
    <net code="32" name="Net-(R15-Pad2)">
      <node ref="R15" pin="2"/>
      <node ref="U7" pin="35"/>
    </net>
    <net code="33" name="Net-(U7-Pad22)">
      <node ref="U7" pin="22"/>
    </net>
    <net code="34" name="Net-(U7-Pad17)">
      <node ref="U7" pin="17"/>
    </net>
    <net code="35" name="Net-(U7-Pad18)">
      <node ref="U7" pin="18"/>
    </net>
    <net code="36" name="Net-(D1-Pad1)">
      <node ref="R1" pin="1"/>
      <node ref="D1" pin="1"/>
    </net>
    <net code="37" name="/Ubat">
      <node ref="U2" pin="3"/>
      <node ref="JP2" pin="3"/>
      <node ref="C4" pin="2"/>
      <node ref="BT1" pin="1"/>
      <node ref="U7" pin="5"/>
    </net>
    <net code="38" name="Net-(U7-Pad20)">
      <node ref="U7" pin="20"/>
    </net>
    <net code="39" name="Net-(R6-Pad2)">
      <node ref="R6" pin="2"/>
      <node ref="U5" pin="1"/>
    </net>
    <net code="40" name="Net-(U5-Pad3)">
      <node ref="U5" pin="3"/>
    </net>
    <net code="41" name="Net-(U5-Pad6)">
      <node ref="U5" pin="6"/>
    </net>
    <net code="42" name="Net-(R13-Pad2)">
      <node ref="U6" pin="1"/>
      <node ref="R13" pin="2"/>
    </net>
    <net code="43" name="Net-(U6-Pad3)">
      <node ref="U6" pin="3"/>
    </net>
    <net code="44" name="Net-(U6-Pad6)">
      <node ref="U6" pin="6"/>
    </net>
    <net code="45" name="Net-(K1-Pad1)">
      <node ref="K1" pin="1"/>
      <node ref="R12" pin="2"/>
      <node ref="U6" pin="5"/>
    </net>
    <net code="46" name="Net-(J3-Pad2)">
      <node ref="J3" pin="2"/>
      <node ref="R3" pin="2"/>
    </net>
    <net code="47" name="Net-(D3-Pad1)">
      <node ref="U5" pin="4"/>
      <node ref="D3" pin="1"/>
      <node ref="K1" pin="7"/>
      <node ref="K1" pin="6"/>
    </net>
    <net code="48" name="GNDPWR">
      <node ref="D3" pin="2"/>
      <node ref="J3" pin="4"/>
      <node ref="U6" pin="4"/>
      <node ref="K1" pin="14"/>
      <node ref="K1" pin="2"/>
    </net>
    <net code="49" name="Net-(U7-Pad26)">
      <node ref="U7" pin="26"/>
    </net>
    <net code="50" name="Net-(U7-Pad27)">
      <node ref="U7" pin="27"/>
    </net>
    <net code="51" name="Net-(U7-Pad28)">
      <node ref="U7" pin="28"/>
    </net>
    <net code="52" name="Net-(U7-Pad29)">
      <node ref="U7" pin="29"/>
    </net>
    <net code="53" name="/U_reset">
      <node ref="R13" pin="1"/>
      <node ref="U7" pin="30"/>
    </net>
    <net code="54" name="/U_set">
      <node ref="U7" pin="31"/>
      <node ref="R6" pin="1"/>
    </net>
    <net code="55" name="Net-(U7-Pad32)">
      <node ref="U7" pin="32"/>
    </net>
    <net code="56" name="/SDA">
      <node ref="U8" pin="4"/>
      <node ref="U7" pin="33"/>
    </net>
    <net code="57" name="/SCL">
      <node ref="U8" pin="3"/>
      <node ref="U7" pin="36"/>
    </net>
    <net code="58" name="Net-(U7-Pad37)">
      <node ref="U7" pin="37"/>
    </net>
    <net code="59" name="Net-(U7-Pad7)">
      <node ref="U7" pin="7"/>
    </net>
    <net code="60" name="Net-(U7-Pad8)">
      <node ref="U7" pin="8"/>
    </net>
    <net code="61" name="Net-(U7-Pad19)">
      <node ref="U7" pin="19"/>
    </net>
    <net code="62" name="Net-(U7-Pad21)">
      <node ref="U7" pin="21"/>
    </net>
    <net code="63" name="Net-(U7-Pad11)">
      <node ref="U7" pin="11"/>
    </net>
    <net code="64" name="Net-(U7-Pad12)">
      <node ref="U7" pin="12"/>
    </net>
    <net code="65" name="Net-(U7-Pad13)">
      <node ref="U7" pin="13"/>
    </net>
    <net code="66" name="Net-(U7-Pad14)">
      <node ref="U7" pin="14"/>
    </net>
    <net code="67" name="/Buzzer">
      <node ref="R20" pin="2"/>
      <node ref="U7" pin="9"/>
    </net>
    <net code="68" name="Net-(U7-Pad23)">
      <node ref="U7" pin="23"/>
    </net>
    <net code="69" name="/#CS">
      <node ref="U7" pin="24"/>
      <node ref="R4" pin="2"/>
      <node ref="U9" pin="5"/>
      <node ref="U4" pin="5"/>
      <node ref="U3" pin="5"/>
    </net>
    <net code="70" name="Net-(R5-Pad2)">
      <node ref="R5" pin="2"/>
      <node ref="U5" pin="5"/>
    </net>
  </nets>
</export>
